{"filename": "pyntcloud_plot", "camera_position": [7.940145969390869, 2.281097888946533, 17.020000457763672], "look_at": [-0.5712136626243591, -2.0484681129455566, 5.53620719909668], "point_size": 0.3, "point_opacity": 0.9, "polylines_points": [], "polylines_colors": []}